Const,id,Further,Column3,MP,Number
Aldershot,E14000530,,A01,Gerald Howarth,128
Aldridge-Brownhills,E14000531,,A02,Wendy Morton,132
Altrincham and Sale West,E14000532,,A03,Graham Brady,17
Amber Valley,E14000533,,A04,Nigel Mills,77
Arundel and South Downs,E14000534,,A05,Nick Herbert,50
Ashfield,E14000535,,A06,Gloria De Piero,32
Ashford,E14000536,,A07,Damian Green,65
Ashton-under-Lyne,E14000537,,A08,Angela Rayner,90
Aylesbury,E14000538,,A09,David Lidington,73
Banbury,E14000539,,A10,Victoria Prentis,72
Barking,E14000540,,A11,Margaret Hodge,10
Barnsley Central,E14000541,,A12,Dan Jarvis,46
Barnsley East,E14000542,,A13,Michael Dugher,16
Barrow and Furness,E14000543,,A14,John Woodcock,89
Basildon and Billericay,E14000544,,A15,John Baron,69
Basingstoke,E14000545,,A16,Maria Miller,101
Bassetlaw,E14000546,,A17,John Mann,56
Bath,E14000547,,A18,Ben Howlett,166
Batley and Spen,E14000548,JC: 58/TB: 36,A19,Jo Cox/Tracy Brabin,94
Battersea,E14000549,,A20,Jane Ellison,70
Beaconsfield,E14000550,,A21,Dominic Grieve,46
Beckenham,E14000551,,A22,Bob Stewart,166
Bedford,E14000552,,A23,Richard Fuller,103
Bermondsey and Old Southwark,E14000553,,A24,Neil Coyle,65
Berwick-upon-Tweed,E14000554,,A25,Anne-Marie Trevelyan,80
Bethnal Green and Bow,E14000555,,A26,Rushanara Ali,37
Beverley and Holderness,E14000556,Asst Government Whip 17-07-16,A27,Graham Stuart,51
Bexhill and Battle,E14000557,,A28,Huw Merriman,144
Bexleyheath and Crayford,E14000558,,A29,David Evennett,12
Birkenhead,E14000559,,A30,Frank Field,50
"Birmingham, Edgbaston",E14000560,,A31,Gisela Stuart,92
"Birmingham, Erdington",E14000561,,A32,Jack Dromey,78
"Birmingham, Hall Green",E14000562,,A33,Roger Godsiff,7
"Birmingham, Hodge Hill",E14000563,,A34,Liam Byrne,33
"Birmingham, Ladywood",E14000564,,A35,Shabana Mahmood,24
"Birmingham, Northfield",E14000565,,A36,Richard Burden,70
"Birmingham, Perry Barr",E14000566,,A37,Khalid Mahmood,27
"Birmingham, Selly Oak",E14000567,,A38,Steve McCabe,124
"Birmingham, Yardley",E14000568,,A39,Jess Phillips,63
Bishop Auckland,E14000569,,A40,Helen Goodman,143
Blackburn,E14000570,,A41,Kate Hollern,30
Blackley and Broughton,E14000571,,A42,Graham Stringer,57
Blackpool North and Cleveleys,E14000572,,A43,Paul Maynard,61
Blackpool South,E14000573,,A44,Gordon Marsden,57
Blaydon,E14000574,,A45,David Anderson,72
Blyth Valley,E14000575,,A46,Ronnie Campbell,17
Bognor Regis and Littlehampton,E14000576,,A47,Nick Gibb,58
Bolsover,E14000577,,A48,Dennis Skinner,116
Bolton North East,E14000578,,A49,David Crausby,4
Bolton South East,E14000579,,A50,Yasmin Qureshi,54
Bolton West,E14000580,,A51,Chris Green,79
Bootle,E14000581,,A52,Peter Dowd,93
Boston and Skegness,E14000582,,A53,Matt Warman,102
Bosworth,E14000583,,A54,David Tredinnick,47
Bournemouth East,E14000584,,A55,Tobias Ellwood,73
Bournemouth West,E14000585,,A56,Conor Burns,12
Bracknell,E14000586,,A57,Phillip Lee,37
Bradford East,E14000587,,A58,Imran Hussain,69
Bradford South,E14000588,,A59,Judith Cummins,46
Bradford West,E14000589,,A60,Naz Shah,41
Braintree,E14000590,,A61,James Cleverly,71
Brent Central,E14000591,,A62,Dawn Butler,70
Brent North,E14000592,,A63,Barry Gardiner,97
Brentford and Isleworth,E14000593,,A64,Ruth Cadbury,107
Brentwood and Ongar,E14000594,,A65,Eric Pickles,35
Bridgwater and West Somerset,E14000595,,A66,Ian Liddell-Grainger,40
Brigg and Goole,E14000596,,A67,Andrew Percy,73
"Brighton, Kemptown",E14000597,,A68,Simon Kirby,29
"Brighton, Pavilion",E14000598,,A69,Caroline Lucas,156
Bristol East,E14000599,,A70,Kerry McCarthy,113
Bristol North West,E14000600,,A71,Charlotte Leslie,19
Bristol South,E14000601,,A72,Karin Smyth,61
Bristol West,E14000602,,A73,Thangam Debbonaire,57
Broadland,E14000603,,A74,Keith Simpson,25
Bromley and Chislehurst,E14000604,,A75,Robert Neill,124
Bromsgrove,E14000605,,A76,Sajid Javid,31
Broxbourne,E14000606,,A77,Charles Walker,46
Broxtowe,E14000607,,A78,Anna Soubry,121
Buckingham,E14000608,,A79,John Bercow,Speaker
Burnley,E14000609,,A80,Julie Cooper,59
Burton,E14000610,,A81,Andrew Griffiths,27
Bury North,E14000611,,A82,David Nuttall,324
Bury South,E14000612,,A83,Ivan Lewis,21
Bury St Edmunds,E14000613,,A84,Jo Churchill,102
Calder Valley,E14000614,,A85,Craig Whittaker,64
Camberwell and Peckham,E14000615,,A86,Harriet Harman,33
Camborne and Redruth,E14000616,,A87,George Eustice,46
Cambridge,E14000617,,A88,Daniel Zeichner,144
Cannock Chase,E14000618,,A89,Amanda Milling,108
Canterbury,E14000619,,A90,Julian Brazier,61
Carlisle,E14000620,,A91,John Stevenson,54
Carshalton and Wallington,E14000621,,A92,Tom Brake,286
Castle Point,E14000622,,A93,Rebecca Harris,37
Central Devon,E14000623,,A94,Mel Stride,Government Whip
Central Suffolk and North Ipswich,E14000624,,A95,Dan Poulter,76
Charnwood,E14000625,,A96,Edward Argar,69
Chatham and Aylesford,E14000626,,A97,Tracey Crouch,31
Cheadle,E14000627,,A98,Mary Robinson,51
Chelmsford,E14000628,,A99,Simon Burns,96
Chelsea and Fulham,E14000629,,B01,Greg Hands,23
Cheltenham,E14000630,,B02,Alex Chalk,164
Chesham and Amersham,E14000631,,B03,Cheryl Gillan,140
Chesterfield,E14000632,,B04,Toby Perkins,84
Chichester,E14000633,,B05,Andrew Tyrie,52
Chingford and Woodford Green,E14000634,,B06,Iain Duncan Smith,33
Chippenham,E14000635,,B07,Michelle Donelan,76
Chipping Barnet,E14000636,,B08,Theresa Villiers,72
Chorley,E14000637,,B09,Lindsay Hoyle,Speaker
Christchurch,E14000638,,B10,Christopher Chope,137
Cities of London and Westminster,E14000639,,B11,Mark Field,76
City of Chester,E14000640,,B12,Christian Matheson,151
City of Durham,E14000641,,B13,Roberta Blackman-Woods,70
Clacton,E14000642,,B14,Douglas Carswell,65
Cleethorpes,E14000643,,B15,Martin Vickers,188
Colchester,E14000644,,B16,Will Quince,80
Colne Valley,E14000645,,B17,Jason McCartney,143
Congleton,E14000646,,B18,Fiona Bruce,131
Copeland,E14000647,JR: 26/TH: 1,B19,Jamie Reed/Trudy Harrison,27
Corby,E14000648,,B20,Tom Pursglove,266
Coventry North East,E14000649,,B21,Colleen Fletcher,30
Coventry North West,E14000650,,B22,Geoffrey Robinson,16
Coventry South,E14000651,,B23,Jim Cunningham,240
Crawley,E14000652,,B24,Henry Smith,169
Crewe and Nantwich,E14000653,,B25,Edward Timpson,27
Croydon Central,E14000654,,B26,Gavin Barwell,26
Croydon North,E14000655,,B27,Steve Reed,48
Croydon South,E14000656,,B28,Chris Philp,73
Dagenham and Rainham,E14000657,,B29,Jon Cruddas,7
Darlington,E14000658,,B30,Jenny Chapman,74
Dartford,E14000659,,B31,Gareth Johnson,55
Daventry,E14000660,,B32,Chris Heaton-Harris,47
Denton and Reddish,E14000661,,B33,Andrew Gwynne,295
Derby North,E14000662,,B34,Amanda Solloway,58
Derby South,E14000663,,B35,Margaret Beckett,7
Derbyshire Dales,E14000664,,B36,Patrick McLoughlin,17
Devizes,E14000665,,B37,Claire Perry,50
Dewsbury,E14000666,,B38,Paula Sherriff,162
Don Valley,E14000667,,B39,Caroline Flint,77
Doncaster Central,E14000668,,B40,Rosie Winterton,44
Doncaster North,E14000669,,B41,Edward Miliband,33
Dover,E14000670,,B42,Charlie Elphicke,59
Dudley North,E14000671,,B43,Ian Austin,70
Dudley South,E14000672,,B44,Mike Wood,119
Dulwich and West Norwood,E14000673,,B45,Helen Hayes,93
Ealing Central and Acton,E14000674,,B46,Rupa Huq,152
Ealing North,E14000675,,B47,Stephen Pound,91
"Ealing, Southall",E14000676,,B48,Virendra Sharma,30
Easington,E14000677,,B49,Grahame Morris,30
East Devon,E14000678,,B50,Hugo Swire,58
East Ham,E14000679,,B51,Stephen Timms,136
East Hampshire,E14000680,,B52,Damian Hinds,46
East Surrey,E14000681,,B53,Sam Gyimah,43
East Worthing and Shoreham,E14000682,,B54,Tim Loughton,109
East Yorkshire,E14000683,,B55,Greg Knight,49
Eastbourne,E14000684,,B56,Caroline Ansell,50
Eastleigh,E14000685,,B57,Mims Davies,154
Eddisbury,E14000686,,B58,Antoinette Sandbach,111
Edmonton,E14000687,,B59,Kate Osamor,52
Ellesmere Port and Neston,E14000688,,B60,Justin Madders,142
Elmet and Rothwell,E14000689,,B61,Alec Shelbrooke,73
Eltham,E14000690,,B62,Clive Efford,121
Enfield North,E14000691,,B63,Joan Ryan,99
"Enfield, Southgate",E14000692,,B64,David Burrowes,169
Epping Forest,E14000693,,B65,Eleanor Laing,Speaker
Epsom and Ewell,E14000694,,B66,Chris Grayling,83
Erewash,E14000695,,B67,Maggie Throup,102
Erith and Thamesmead,E14000696,,B68,Teresa Pearce,33
Esher and Walton,E14000697,,B69,Dominic Raab,41
Exeter,E14000698,,B70,Ben Bradshaw,129
Fareham,E14000699,,B71,Suella Fernandes,119
Faversham and Mid Kent,E14000700,,B72,Helen Whately,140
Feltham and Heston,E14000701,,B73,Seema Malhotra,90
Filton and Bradley Stoke,E14000702,,B74,Jack Lopresti,60
Finchley and Golders Green,E14000703,,B75,Mike Freer,46
Folkestone and Hythe,E14000704,,B76,Damian Collins,48
Forest of Dean,E14000705,,B77,Mark Harper,27
Fylde,E14000706,,B78,Mark Menzies,61
Gainsborough,E14000707,,B79,Edward Leigh,212
Garston and Halewood,E14000708,,B80,Maria Eagle,47
Gateshead,E14000709,,B81,Ian Mearns,74
Gedling,E14000710,,B82,Vernon Coaker,56
Gillingham and Rainham,E14000711,,B83,Rehman Chishti,110
Gloucester,E14000712,,B84,Richard Graham,139
Gosport,E14000713,,B85,Caroline Dinenage,53
Grantham and Stamford,E14000714,,B86,Nick Boles,45
Gravesham,E14000715,,B87,Adam Holloway,11
Great Grimsby,E14000716,,B88,Melanie Onn,123
Great Yarmouth,E14000717,,B89,Brandon Lewis,57
Greenwich and Woolwich,E14000718,,B90,Matthew Pennycook,67
Guildford,E14000719,,B91,Anne Milton,1
Hackney North and Stoke Newington,E14000720,,B92,Diane Abbott,72
Hackney South and Shoreditch,E14000721,,B93,Meg Hillier,70
Halesowen and Rowley Regis,E14000722,,B94,James Morris,72
Halifax,E14000723,,B95,Holly Lynch,53
Haltemprice and Howden,E14000724,,B96,David Davis,55
Halton,E14000725,,B97,Derek Twigg,91
Hammersmith,E14000726,,B98,Andy Slaughter,185
Hampstead and Kilburn,E14000727,,B99,Tulip Siddiq,68
Harborough,E14000728,,C01,Edward Garnier,55
Harlow,E14000729,,C02,Robert Halfon,22
Harrogate and Knaresborough,E14000730,,C03,Andrew Jones,66
Harrow East,E14000731,,C04,Bob Blackman,236
Harrow West,E14000732,,C05,Gareth Thomas,59
Hartlepool,E14000733,,C06,Iain Wright,78
Harwich and North Essex,E14000734,,C07,Bernard Jenkin,96
Hastings and Rye,E14000735,,C08,Amber Rudd,27
Havant,E14000736,,C09,Alan Mak,125
Hayes and Harlington,E14000737,,C10,John McDonnell,60
Hazel Grove,E14000738,,C11,William Wragg,64
Hemel Hempstead,E14000739,,C12,Mike Penning,51
Hemsworth,E14000740,,C13,Jon Trickett,17
Hendon,E14000741,,C14,Matthew Offord,60
Henley,E14000742,,C15,John Howell,134
Hereford and South Herefordshire,E14000743,,C16,Jesse Norman,37
Hertford and Stortford,E14000744,,C17,Mark Prisk,29
Hertsmere,E14000745,,C18,Oliver Dowden,69
Hexham,E14000746,Appointed government whip 17-07-16,C19,Guy Opperman,3
Heywood and Middleton,E14000747,,C20,Liz McInnes,230
High Peak,E14000748,,C21,Andrew Bingham,69
Hitchin and Harpenden,E14000749,,C22,Peter Lilley,46
Holborn and St Pancras,E14000750,,C23,Keir Starmer,74
Hornchurch and Upminster,E14000751,,C24,Angela Watkinson,27
Hornsey and Wood Green,E14000752,,C25,Catherine West,137
Horsham,E14000753,,C26,Jeremy Quin,97
Houghton and Sunderland South,E14000754,,C27,Bridget Phillipson,34
Hove,E14000755,,C28,Peter Kyle,93
Huddersfield,E14000756,,C29,Barry Sheerman,302
Huntingdon,E14000757,,C30,Jonathan Djanogly,37
Hyndburn,E14000758,,C31,Graham Jones,100
Ilford North,E14000759,,C32,Wes Streeting,148
Ilford South,E14000760,,C33,Mike Gapes,93
Ipswich,E14000761,,C34,Ben Gummer,52
Isle of Wight,E14000762,,C35,Andrew Turner,86
Islington North,E14000763,,C36,Jeremy Corbyn,115
Islington South and Finsbury,E14000764,,C37,Emily Thornberry,85
Jarrow,E14000765,,C38,Stephen Hepburn,24
Keighley,E14000766,,C39,Kris Hopkins,13
Kenilworth and Southam,E14000767,,C40,Jeremy Wright,13
Kensington,E14000768,,C41,Victoria Borwick,32
Kettering,E14000769,,C42,Philip Hollobone,336
Kingston and Surbiton,E14000770,,C43,James Berry,147
Kingston upon Hull East,E14000771,,C44,Karl Turner,44
Kingston upon Hull North,E14000772,,C45,Diana Johnson,276
Kingston upon Hull West and Hessle,E14000773,,C46,Alan Johnson,11
Kingswood,E14000774,,C47,Chris Skidmore,28
Knowsley,E14000775,,C48,George Howarth,79
Lancaster and Fleetwood,E14000776,,C49,Cat Smith,111
Leeds Central,E14000777,,C50,Hilary Benn,60
Leeds East,E14000778,,C51,Richard Burgon,48
Leeds North East,E14000779,,C52,Fabian Hamilton,34
Leeds North West,E14000780,,C53,Greg Mulholland,178
Leeds West,E14000781,,C54,Rachel Reeves,39
Leicester East,E14000782,,C55,Keith Vaz,216
Leicester South,E14000783,,C56,Jonathan Ashworth,38
Leicester West,E14000784,,C57,Liz Kendall,42
Leigh,E14000785,,C58,Andy Burnham,84
Lewes,E14000786,,C59,Maria Caulfield,112
Lewisham East,E14000787,,C60,Heidi Alexander,76
Lewisham West and Penge,E14000788,,C61,Jim Dowd,19
"Lewisham, Deptford",E14000789,,C62,Vicky Foxcroft,48
Leyton and Wanstead,E14000790,,C63,John Cryer,38
Lichfield,E14000791,,C64,Michael Fabricant,171
Lincoln,E14000792,,C65,Karl McCartney,57
"Liverpool, Riverside",E14000793,,C66,Louise Ellman,70
"Liverpool, Walton",E14000794,,C67,Steve Rotheram,33
"Liverpool, Wavertree",E14000795,,C68,Luciana Berger,89
"Liverpool, West Derby",E14000796,,C69,Stephen Twigg,75
Loughborough,E14000797,,C70,Nicky Morgan,62
Louth and Horncastle,E14000798,,C71,Victoria Atkins,84
Ludlow,E14000799,,C72,Philip Dunne,48
Luton North,E14000800,,C73,Kelvin Hopkins,128
Luton South,E14000801,,C74,Gavin Shuker,31
Macclesfield,E14000802,,C75,David Rutley,152
Maidenhead,E14000803,,C76,Theresa May,71
Maidstone and The Weald,E14000804,,C77,Helen Grant,38
Makerfield,E14000805,,C78,Yvonne Fovargue,55
Maldon,E14000806,,C79,John Whittingdale,37
Manchester Central,E14000807,,C80,Lucy Powell,44
"Manchester, Gorton",E14000808,,C81,Gerald Kaufman,24
"Manchester, Withington",E14000809,,C82,Jeff Smith,76
Mansfield,E14000810,,C83,Alan Meale,5
Meon Valley,E14000811,,C84,George Hollingbery,Government Whip
Meriden,E14000812,,C85,Caroline Spelman,88
Mid Bedfordshire,E14000813,,C86,Nadine Dorries,15
Mid Derbyshire,E14000814,,C87,Pauline Latham,97
Mid Dorset and North Poole,E14000815,,C88,Michael Tomlinson,143
Mid Norfolk,E14000816,,C89,George Freeman,47
Mid Sussex,E14000817,,C90,Nicholas Soames,55
Mid Worcestershire,E14000818,,C91,Nigel Huddleston,120
Middlesbrough,E14000819,,C92,Andy McDonald,74
Middlesbrough South and East Cleveland,E14000820,,C93,Tom Blenkinsop,96
Milton Keynes North,E14000821,,C94,Mark Lancaster,36
Milton Keynes South,E14000822,,C95,Iain Stewart,66
Mitcham and Morden,E14000823,,C96,Siobhain McDonagh,53
Mole Valley,E14000824,,C97,Paul Beresford,29
Morecambe and Lunesdale,E14000825,,C98,David Morris,71
Morley and Outwood,E14000826,,C99,Andrea Jenkyns,53
New Forest East,E14000827,,D01,Julian Lewis,141
New Forest West,E14000828,,D02,Desmond Swayne,131
Newark,E14000829,,D03,Robert Jenrick,152
Newbury,E14000830,,D04,Richard Benyon,64
Newcastle upon Tyne Central,E14000831,,D05,Chi Onwurah,127
Newcastle upon Tyne East,E14000832,,D06,Nicholas Brown,24
Newcastle upon Tyne North,E14000833,,D07,Catherine McKinnell,88
Newcastle-under-Lyme,E14000834,,D08,Paul Farrelly,36
Newton Abbot,E14000835,,D09,Anne Marie Morris,27
"Normanton, Pontefract and Castleford",E14000836,,D10,Yvette Cooper,89
North Cornwall,E14000837,,D11,Scott Mann,71
North Devon,E14000838,,D12,Peter Heaton-Jones,68
North Dorset,E14000839,,D13,Simon Hoare,160
North Durham,E14000840,,D14,Kevan Jones,88
North East Bedfordshire,E14000841,,D15,Alistair Burt,87
North East Cambridgeshire,E14000842,,D16,Stephen Barclay,6
North East Derbyshire,E14000843,,D17,Natascha Engel,Speaker
North East Hampshire,E14000844,,D18,Ranil Jayawardena,68
North East Hertfordshire,E14000845,,D19,Oliver Heald,54
North East Somerset,E14000846,,D20,Jacob Rees-Mogg,111
North Herefordshire,E14000847,,D21,Bill Wiggin,39
North Norfolk,E14000848,,D22,Norman Lamb,79
North Shropshire,E14000849,,D23,Owen Paterson,39
North Somerset,E14000850,,D24,Liam Fox,62
North Swindon,E14000851,,D25,Justin Tomlinson,94
North Thanet,E14000852,,D26,Roger Gale,38
North Tyneside,E14000853,,D27,Mary Glindon,67
North Warwickshire,E14000854,,D28,Craig Tracey,46
North West Cambridgeshire,E14000855,,D29,Shailesh Vara,55
North West Durham,E14000856,,D30,Pat Glass,42
North West Hampshire,E14000857,,D31,Kit Malthouse,90
North West Leicestershire,E14000858,,D32,Andrew Bridgen,158
North West Norfolk,E14000859,,D33,Henry Bellingham,86
North Wiltshire,E14000860,,D34,James Gray,63
Northampton North,E14000861,,D35,Michael Ellis,35
Northampton South,E14000862,,D36,David Mackintosh,40
Norwich North,E14000863,,D37,Chloe Smith,67
Norwich South,E14000864,,D38,Clive Lewis,64
Nottingham East,E14000865,,D39,Chris Leslie,88
Nottingham North,E14000866,,D40,Graham Allen,60
Nottingham South,E14000867,,D41,Lilian Greenwood,97
Nuneaton,E14000868,,D42,Marcus Jones,68
Old Bexley and Sidcup,E14000869,,D43,James Brokenshire,52
Oldham East and Saddleworth,E14000870,,D44,Debbie Abrahams,150
Oldham West and Royton,E14000871,,D45,Jim McMahon,52
Orpington,E14000872,,D46,Joseph Johnson,45
Oxford East,E14000873,,D47,Andrew Smith,49
Oxford West and Abingdon,E14000874,,D48,Nicola Blackwood,55
Pendle,E14000875,,D49,Andrew Stephenson,155
Penistone and Stocksbridge,E14000876,,D50,Angela Smith,89
Penrith and The Border,E14000877,,D51,Rory Stewart,34
Peterborough,E14000878,,D52,Stewart Jackson,134
"Plymouth, Moor View",E14000879,,D53,Johnny Mercer,44
"Plymouth, Sutton and Devonport",E14000880,,D54,Oliver Colvile,146
Poole,E14000881,,D55,Robert Syms,9
Poplar and Limehouse,E14000882,,D56,Jim Fitzpatrick,62
Portsmouth North,E14000883,,D57,Penny Mordaunt,33
Portsmouth South,E14000884,,D58,Flick Drummond,106
Preston,E14000885,,D59,Mark Hendrick,23
Pudsey,E14000886,,D60,Stuart Andrew,56
Putney,E14000887,,D61,Justine Greening,35
Rayleigh and Wickford,E14000888,,D62,Mark Francois,14
Reading East,E14000889,,D63,Rob Wilson,31
Reading West,E14000890,,D64,Alok Sharma,17
Redcar,E14000891,,D65,Anna Turley,92
Redditch,E14000892,,D66,Karen Lumley,39
Reigate,E14000893,,D67,Crispin Blunt,122
Ribble Valley,E14000894,,D68,Nigel Evans,116
Richmond (Yorks),E14000895,,D69,Rishi Sunak,60
Richmond Park,E14000896,ZG: 15/SO: 15,D70,Zac Goldsmith/Sarah Olney,30
Rochdale,E14000897,,D71,Simon Danczuk,73
Rochester and Strood,E14000898,,D72,Kelly Tolhurst,64
Rochford and Southend East,E14000899,,D73,James Duddridge,53
Romford,E14000900,,D74,Andrew Rosindell,41
Romsey and Southampton North,E14000901,,D75,Caroline Nokes,68
Rossendale and Darwen,E14000902,,D76,Jake Berry,103
Rother Valley,E14000903,,D77,Kevin Barron,38
Rotherham,E14000904,,D78,Sarah Champion,57
Rugby,E14000905,,D79,Mark Pawsey,112
"Ruislip, Northwood and Pinner",E14000906,,D80,Nick Hurd,31
Runnymede and Weybridge,E14000907,,D81,Philip Hammond,30
Rushcliffe,E14000908,,D82,Kenneth Clarke,79
Rutland and Melton,E14000909,,D83,Alan Duncan,40
Saffron Walden,E14000910,,D84,Alan Haselhurst,42
Salford and Eccles,E14000911,,D85,Rebecca Long Bailey,57
Salisbury,E14000912,,D86,John Glen,104
Scarborough and Whitby,E14000913,,D87,Robert Goodwill,52
Scunthorpe,E14000914,,D88,Nic Dakin,160
Sedgefield,E14000915,,D89,Phil Wilson,31
Sefton Central,E14000916,,D90,Bill Esterson,114
Selby and Ainsty,E14000917,,D91,Nigel Adams,54
Sevenoaks,E14000918,,D92,Michael Fallon,26
Sheffield Central,E14000919,,D93,Paul Blomfield,94
Sheffield South East,E14000920,,D94,Clive Betts,96
"Sheffield, Brightside and Hillsborough",E14000921,HH: 10/GF: 31,D95,Harry Harpham/Gill Furniss,41
"Sheffield, Hallam",E14000922,,D96,Nick Clegg,22
"Sheffield, Heeley",E14000923,,D97,Louise Haigh,128
Sherwood,E14000924,,D98,Mark Spencer,76
Shipley,E14000925,,D99,Philip Davies,268
Shrewsbury and Atcham,E14000926,,E01,Daniel Kawczynski,64
Sittingbourne and Sheppey,E14000927,,E02,Gordon Henderson,25
Skipton and Ripon,E14000928,,E03,Julian Smith,Government Whip
Sleaford and North Hykeham,E14000929,,E04,Caroline Johnson,12
Slough,E14000930,,E05,Fiona Mactaggart,157
Solihull,E14000931,,E06,Julian Knight,121
Somerton and Frome,E14000932,,E07,David Warburton,39
South Basildon and East Thurrock,E14000933,,E08,Stephen Metcalfe,58
South Cambridgeshire,E14000934,,E09,Heidi Allen,82
South Derbyshire,E14000935,,E10,Heather Wheeler,20
South Dorset,E14000936,,E11,Richard Drax,118
South East Cambridgeshire,E14000937,,E12,Lucy Frazer,128
South East Cornwall,E14000938,,E13,Sheryll Murray,64
South Holland and The Deepings,E14000939,,E14,John Hayes,41
South Leicestershire,E14000940,,E15,Alberto Costa,65
South Norfolk,E14000941,,E16,Richard Bacon,29
South Northamptonshire,E14000942,,E17,Andrea Leadsom,42
South Ribble,E14000943,,E18,Seema Kennedy,105
South Shields,E14000944,,E19,Emma Lewell-Buck,63
South Staffordshire,E14000945,,E20,Gavin Williamson,5
South Suffolk,E14000946,,E21,James Cartlidge,117
South Swindon,E14000947,,E22,Robert Buckland,25
South Thanet,E14000948,,E23,Craig Mackinlay,52
South West Bedfordshire,E14000949,,E24,Andrew Selous,87
South West Devon,E14000950,,E25,Gary Streeter,27
South West Hertfordshire,E14000951,,E26,David Gauke,49
South West Norfolk,E14000952,,E27,Elizabeth Truss,23
South West Surrey,E14000953,,E28,Jeremy Hunt,38
South West Wiltshire,E14000954,,E29,Andrew Murrison,185
"Southampton, Itchen",E14000955,,E30,Royston Smith,17
"Southampton, Test",E14000956,,E31,Alan Whitehead,51
Southend West,E14000957,,E32,David Amess,115
Southport,E14000958,,E33,John Pugh,103
Spelthorne,E14000959,,E34,Kwasi Kwarteng,39
St Albans,E14000960,,E35,Anne Main,89
St Austell and Newquay,E14000961,,E36,Steve Double,102
St Helens North,E14000962,,E37,Conor McGinn,64
St Helens South and Whiston,E14000963,,E38,Marie Rimmer,65
St Ives,E14000964,,E39,Derek Thomas,53
Stafford,E14000965,,E40,Jeremy Lefroy,205
Staffordshire Moorlands,E14000966,,E41,Karen Bradley,46
Stalybridge and Hyde,E14000967,,E42,Jonathan Reynolds,128
Stevenage,E14000968,,E43,Stephen McPartland,25
Stockport,E14000969,,E44,Ann Coffey,25
Stockton North,E14000970,,E45,Alex Cunningham,124
Stockton South,E14000971,,E46,James Wharton,38
Stoke-on-Trent Central,E14000972,TH: 52/GS: 5,E47,Tristram Hunt/Gareth Snell,57
Stoke-on-Trent North,E14000973,,E48,Ruth Smeeth,61
Stoke-on-Trent South,E14000974,,E49,Robert Flello,75
Stone,E14000975,,E50,William Cash,100
Stourbridge,E14000976,,E51,Margot James,24
Stratford-on-Avon,E14000977,,E52,Nadhim Zahawi,40
Streatham,E14000978,,E53,Chuka Umunna,46
Stretford and Urmston,E14000979,,E54,Kate Green,139
Stroud,E14000980,,E55,Neil Carmichael,119
Suffolk Coastal,E14000981,,E56,Therese Coffey,61
Sunderland Central,E14000982,,E57,Julie Elliott,40
Surrey Heath,E14000983,,E58,Michael Gove,49
Sutton and Cheam,E14000984,,E59,Paul Scully,62
Sutton Coldfield,E14000985,,E60,Andrew Mitchell,48
Tamworth,E14000986,,E61,Christopher Pincher,52
Tatton,E14000987,,E62,George Osborne,28
Taunton Deane,E14000988,,E63,Rebecca Pow,166
Telford,E14000989,,E64,Lucy Allan,75
Tewkesbury,E14000990,,E65,Laurence Robertson,61
The Cotswolds,E14000991,,E66,Geoffrey Clifton-Brown,69
The Wrekin,E14000992,,E67,Mark Pritchard,63
Thirsk and Malton,E14000993,,E68,Kevin Hollinrake,141
Thornbury and Yate,E14000994,,E69,Luke Hall,42
Thurrock,E14000995,,E70,Jackie Doyle-Price,1
Tiverton and Honiton,E14000996,,E71,Neil Parish,85
Tonbridge and Malling,E14000997,,E72,Tom Tugendhat,124
Tooting,E14000998,SK:14 / RA-K: 31,E73,Sadiq Khan/Rosena Allin-Khan,45
Torbay,E14000999,,E74,Kevin Foster,293
Torridge and West Devon,E14001000,,E75,Geoffrey Cox,13
Totnes,E14001001,,E76,Sarah Wollaston,118
Tottenham,E14001002,,E77,David Lammy,67
Truro and Falmouth,E14001003,,E78,Sarah Newton,16
Tunbridge Wells,E14001004,,E79,Greg Clark,33
Twickenham,E14001005,,E80,Tania Mathias,129
Tynemouth,E14001006,,E81,Alan Campbell,16
Uxbridge and South Ruislip,E14001007,,E82,Boris Johnson,28
Vauxhall,E14001008,,E83,Kate Hoey,56
Wakefield,E14001009,,E84,Mary Creagh,89
Wallasey,E14001010,,E85,Angela Eagle,85
Walsall North,E14001011,,E86,David Winnick,140
Walsall South,E14001012,,E87,Valerie Vaz,119
Walthamstow,E14001013,,E88,Stella Creasy,66
Wansbeck,E14001014,,E89,Ian Lavery,66
Wantage,E14001015,,E90,Edward Vaizey,72
Warley,E14001016,,E91,John Spellar,54
Warrington North,E14001017,,E92,Helen Jones,57
Warrington South,E14001018,,E93,David Mowat,128
Warwick and Leamington,E14001019,,E94,Chris White,64
Washington and Sunderland West,E14001020,,E95,Sharon Hodgson,78
Watford,E14001021,,E96,Richard Harrington,39
Waveney,E14001022,,E97,Peter Aldous,85
Wealden,E14001023,,E98,Nusrat Ghani,111
Weaver Vale,E14001024,,E99,Graham Evans,102
Wellingborough,E14001025,,F01,Peter Bone,295
Wells,E14001026,,F02,James Heappey,81
Welwyn Hatfield,E14001027,,F03,Grant Shapps,7
Wentworth and Dearne,E14001028,,F04,John Healey,38
West Bromwich East,E14001029,,F05,Tom Watson,22
West Bromwich West,E14001030,,F06,Adrian Bailey,52
West Dorset,E14001031,,F07,Oliver Letwin,41
West Ham,E14001032,,F08,Lyn Brown,73
West Lancashire,E14001033,,F09,Rosie Cooper,28
West Suffolk,E14001034,,F10,Matt Hancock,40
West Worcestershire,E14001035,,F11,Harriett Baldwin,40
Westminster North,E14001036,,F12,Karen Buck,77
Westmorland and Lonsdale,E14001037,,F13,Tim Farron,74
Weston-Super-Mare,E14001038,,F14,John Penrose,47
Wigan,E14001039,,F15,Lisa Nandy,27
Wimbledon,E14001040,,F16,Stephen Hammond,82
Winchester,E14001041,,F17,Steve Brine,44
Windsor,E14001042,,F18,Adam Afriyie,12
Wirral South,E14001043,,F19,Alison McGovern,122
Wirral West,E14001044,,F20,Margaret Greenwood,113
Witham,E14001045,,F21,Priti Patel,37
Witney,E14001046,DC: 58/RC: 36,F22,David Cameron/Robert Courts,94
Woking,E14001047,,F23,Jonathan Lord,12
Wokingham,E14001048,,F24,John Redwood,152
Wolverhampton North East,E14001049,,F25,Emma Reynolds,49
Wolverhampton South East,E14001050,,F26,Pat McFadden,74
Wolverhampton South West,E14001051,,F27,Rob Marris,112
Worcester,E14001052,,F28,Robin Walker,91
Workington,E14001053,,F29,Sue Hayman,101
Worsley and Eccles South,E14001054,,F30,Barbara Keeley,118
Worthing West,E14001055,,F31,Peter Bottomley,69
Wycombe,E14001056,,F32,Steve Baker,112
Wyre and Preston North,E14001057,,F33,Ben Wallace,27
Wyre Forest,E14001058,,F34,Mark Garnier,32
Wythenshawe and Sale East,E14001059,,F35,Mike Kane,99
Yeovil,E14001060,,F36,Marcus Fysh,70
York Central,E14001061,,F37,Rachael Maskell,181
York Outer,E14001062,,F38,Julian Sturdy,75
Aberdeen North,S14000001,,801,Kirsty Blackman,99
Aberdeen South,S14000002,,802,Callum McCaig,124
Airdrie and Shotts,S14000003,,803,Neil Gray,129
Angus,S14000004,,804,Mike Weir,60
Argyll and Bute,S14000005,,805,Brendan O'Hara,103
"Ayr, Carrick and Cumnock",S14000006,,806,Corri Wilson,34
Banff and Buchan,S14000007,,807,Eilidh Whiteford,88
"Berwickshire, Roxburgh and Selkirk",S14000008,,808,Calum Kerr,52
"Caithness, Sutherland and Easter Ross",S14000009,,809,Paul Monaghan,40
Central Ayrshire,S14000010,,810,Philippa Whitford,177
"Coatbridge, Chryston and Bellshill",S14000011,,811,Philip Boswell,65
"Cumbernauld, Kilsyth and Kirkintilloch East",S14000012,,812,Stuart C. McDonald,106
Dumfries and Galloway,S14000013,,813,Richard Arkless,95
"Dumfriesshire, Clydesdale and Tweeddale",S14000014,,814,David Mundell,25
Dundee East,S14000015,,815,Stewart Hosie,59
Dundee West,S14000016,,816,Chris Law,61
Dunfermline and West Fife,S14000017,,817,Douglas Chapman,49
East Dunbartonshire,S14000018,,818,John Nicolson,78
"East Kilbride, Strathaven and Lesmahagow",S14000019,,819,Lisa Cameron,187
East Lothian,S14000020,,820,George Kerevan,136
East Renfrewshire,S14000021,,821,Kirsten Oswald,186
Edinburgh East,S14000022,,822,Tommy Sheppard,114
Edinburgh North and Leith,S14000023,,823,Deidre Brock,100
Edinburgh South,S14000024,,824,Ian Murray,87
Edinburgh South West,S14000025,,825,Joanna Cherry,154
Edinburgh West,S14000026,,826,Michelle Thomson,35
Na h-Eileanan an Iar,S14000027,,847,Angus Brendan MacNeil,129
Falkirk,S14000028,,827,John Mc Nally,41
Glasgow Central,S14000029,,828,Alison Thewliss,203
Glasgow East,S14000030,,829,Natalie McGarry,66
Glasgow North,S14000031,,830,Patrick Grady,322
Glasgow North East,S14000032,,831,Anne McLaughlin,66
Glasgow North West,S14000033,,832,Carol Monaghan,134
Glasgow South,S14000034,,833,Stewart Malcolm McDonald,133
Glasgow South West,S14000035,,834,Chris Stephens,155
Glenrothes,S14000036,,835,Peter Grant,148
Gordon,S14000037,,836,Alex Salmond,146
Inverclyde,S14000038,,837,Ronnie Cowan,60
"Inverness, Nairn, Badenoch and Strathspey",S14000039,,838,Drew Hendry,146
Kilmarnock and Loudoun,S14000040,,839,Alan Brown,256
Kirkcaldy and Cowdenbeath,S14000041,,840,Roger Mullin,155
Lanark and Hamilton East,S14000042,,841,Angela Crawley,89
Linlithgow and East Falkirk,S14000043,,842,Martyn Day,97
Livingston,S14000044,,843,Hannah Bardell,145
Midlothian,S14000045,,844,Owen Thompson,60
Moray,S14000046,,845,Angus Robertson,124
Motherwell and Wishaw,S14000047,,846,Marion Fellows,69
North Ayrshire and Arran,S14000048,,848,Patricia Gibson,126
North East Fife,S14000049,,849,Stephen Gethins,90
Ochil and South Perthshire,S14000050,,850,Tasmina Ahmed-Sheikh,231
Orkney and Shetland,S14000051,,851,Alistair Carmichael,174
Paisley and Renfrewshire North,S14000052,,852,Gavin Newlands,143
Paisley and Renfrewshire South,S14000053,,853,Mhairi Black,30
Perth and North Perthshire,S14000054,,854,Pete Wishart,157
"Ross, Skye and Lochaber",S14000055,,855,Ian Blackford,170
Rutherglen and Hamilton West,S14000056,,856,Margaret Ferrier,292
Stirling,S14000057,,857,Steven Paterson,109
West Aberdeenshire and Kincardine,S14000058,,858,Stuart Blair Donaldson,67
West Dunbartonshire,S14000059,,859,Martin Docherty-Hughes,111
Ynys Mon,W07000041,,W01,Albert Owen,Government Whip
Delyn,W07000042,,W02,David Hanson,186
Alyn and Deeside,W07000043,,W03,Mark Tami,57
Wrexham,W07000044,,W04,Ian C. Lucas,127
Llanelli,W07000045,,W05,Nia Griffith,58
Gower,W07000046,,W06,Byron Davies,72
Swansea West,W07000047,,W07,Geraint Davies,101
Swansea East,W07000048,,W08,Carolyn Harris,109
Aberavon,W07000049,,W09,Stephen Kinnock,90
Cardiff Central,W07000050,,W10,Jo Stevens,81
Cardiff North,W07000051,,W11,Craig Williams,77
Rhondda,W07000052,,W12,Chris Bryant,185
Torfaen,W07000053,,W13,Nick Thomas-Symonds,177
Monmouth,W07000054,,W14,David T. C. Davies,109
Newport East,W07000055,,W15,Jessica Morden,67
Newport West,W07000056,,W16,Paul Flynn,178
Arfon,W07000057,,W17,Hywel Williams,110
Aberconwy,W07000058,,W18,Guto Bebb,37
Clwyd West,W07000059,,W19,David Jones,67
Vale of Clwyd,W07000060,,W20,James Davies,47
Dwyfor Meirionnydd,W07000061,,W21,Liz Saville Roberts,146
Clwyd South,W07000062,,W22,Susan Elan Jones,88
Montgomeryshire,W07000063,,W23,Glyn Davies,52
Ceredigion,W07000064,,W24,Mark Williams,79
Preseli Pembrokeshire,W07000065,,W25,Stephen Crabb,42
Carmarthen West and South Pembrokeshire,W07000066,,W26,Simon Hart,28
Carmarthen East and Dinefwr,W07000067,,W27,Jonathan Edwards,146
Brecon and Radnorshire,W07000068,,W28,Chris Davies,96
Neath,W07000069,,W29,Christina Rees,145
Cynon Valley,W07000070,,W30,Ann Clwyd,65
Merthyr Tydfil and Rhymney,W07000071,,W31,Gerald Jones,68
Blaenau Gwent,W07000072,,W32,Nick Smith,113
Bridgend,W07000073,,W33,Madeleine Moon,139
Ogmore,W07000074,,W34,Chris Elmore,64
Pontypridd,W07000075,,W35,Owen Smith,43
Caerphilly,W07000076,,W36,Wayne David,99
Islwyn,W07000077,,W37,Chris Evans,53
Vale of Glamorgan,W07000078,,W38,Alun Cairns,29
Cardiff West,W07000079,,W39,Kevin Brennan,133
Cardiff South and Penarth,W07000080,,W40,Stephen Doughty,174
